PRAGMA foreign_keys=OFF;
BEGIN TRANSACTION;
CREATE TABLE Administrator(ID_administrator integer primary key autoincrement,Name varchar(255) NOT NULL,Email varchar(255) NOT NULL,Password varchar(255) NOT NULL);
INSERT INTO Administrator VALUES(1,'John','john@example.com','johnAdmin1');
CREATE TABLE Post(ID_post integer primary key autoincrement,Content varchar(255) NOT NULL,Publication_date date NOT NULL,ID_administrator integer,FOREIGN KEY (ID_administrator) REFERENCES Administrator(ID_administrator));
INSERT INTO Post VALUES(1,'SQLite is a relational database management system.','2024-04-30',1);
INSERT INTO Post VALUES(2,'The next version of Java will improve performance, stability, and security for Java application development.','2025-04-10',1);
INSERT INTO Post VALUES(3,'Python is a high-level, general-purpose programming language. Its design philosophy emphasizes code readability with the use of significant indentation.','2025-04-10',1);
INSERT INTO Post VALUES(4,'XML is a software- and hardware-independent tool for storing and transporting data.','2025-04-10',1);
INSERT INTO Post VALUES(5,'PHP is a server scripting language, and a powerful tool for making dynamic and interactive Web pages.','2025-04-10',1);
CREATE TABLE Category(ID_Category integer primary key autoincrement,Name varchar(255) NOT NULL,ID_post integer,FOREIGN KEY(ID_post) REFERENCES Post(ID_post));
INSERT INTO Category VALUES(1,'php',5);
INSERT INTO Category VALUES(2,'java',2);
INSERT INTO Category VALUES(3,'Sql',1);
INSERT INTO Category VALUES(4,'xml',4);
INSERT INTO Category VALUES(5,'Python',3);
CREATE TABLE SubCategory(ID_Sub_Category integer primary key autoincrement,Name varchar(255) NOT NULL,ID_Category integer,FOREIGN KEY(ID_Category) REFERENCES Category(ID_Category));
INSERT INTO SubCategory VALUES(1,'simple language',5);
INSERT INTO SubCategory VALUES(2,'difficult',2);
INSERT INTO SubCategory VALUES(3,'more difficult',4);
INSERT INTO SubCategory VALUES(4,'simpler',3);
INSERT INTO SubCategory VALUES(5,'beginners',1);
CREATE TABLE User(ID_user integer primary key autoincrement,Name varchar(255) NOT NULL,Email varchar(255) NOT NULL,password varchar(255) NOT NULL);
INSERT INTO User VALUES(1,'Alice','alice@example.com','alice12@password');
INSERT INTO User VALUES(2,'Bob','bob@example.com','bob44@password');
INSERT INTO User VALUES(3,'Charlie','charlie@example.com','charlie44@password');
INSERT INTO User VALUES(4,'David','david@example.com','david123');
INSERT INTO User VALUES(5,'Eve','eve@example.com','eve456');
CREATE TABLE Comment(id INTEGER PRIMARY KEY AUTOINCREMENT,content TEXT,Date DATE,ID_post INTEGER,ID_user INTEGER,ID_administrator INTEGER,FOREIGN KEY(ID_post) REFERENCES Post(ID_post),FOREIGN KEY(ID_user) REFERENCES User(ID_user),FOREIGN KEY(ID_administrator) REFERENCES Administrator(ID_administrator));
INSERT INTO Comment VALUES(1,'Thank you',2005,1,1,NULL);
INSERT INTO Comment VALUES(2,'Very useful article',2010,1,2,NULL);
INSERT INTO Comment VALUES(3,'Very useful article',2010,5,NULL,1);
INSERT INTO Comment VALUES(4,'Very pleasant',2010,5,NULL,1);
INSERT INTO Comment VALUES(5,'Thank you',2005,1,NULL,1);
DELETE FROM sqlite_sequence;
INSERT INTO sqlite_sequence VALUES('Administrator',1);
INSERT INTO sqlite_sequence VALUES('Post',5);
INSERT INTO sqlite_sequence VALUES('Category',5);
INSERT INTO sqlite_sequence VALUES('SubCategory',5);
INSERT INTO sqlite_sequence VALUES('User',5);
INSERT INTO sqlite_sequence VALUES('Comment',5);
COMMIT;
